exp,accuracy,precision,recall,f1
Damage_M2N_SWD_0.001_trade_offs_1,0.802711474036851,0.7991608165900105,0.8855507868383404,0.8401408152012555
