exp,accuracy,precision,recall,f1
Damage_R2N_SWD_0_trade_offs_1,0.7989426298157454,0.8634788634788635,0.7798640915593705,0.8195442800093964
