exp,accuracy,precision,recall,f1
Damage_M2E_SWD_0.001_trade_offs_1,0.79292343387471,0.7796116504854369,0.8606645230439443,0.8181355068772287
