exp,accuracy,precision,recall,f1
Damage_E2M_SWD_0.1_trade_offs_1,0.7507507507507507,0.8397790055248618,0.7378640776699029,0.7855297157622738
