exp,accuracy,precision,recall,f1
Damage_M2R_SWD_1_trade_offs_0.01,0.7070828331332533,0.6740331491712708,0.8452655889145496,0.7499999999999999
