exp,accuracy,precision,recall,f1
Damage_N2R_SWD_0_trade_offs_1,0.8211284513805522,0.8271889400921659,0.8290993071593533,0.8281430219146482
