exp,accuracy,precision,recall,f1
Damage_R2M_SWD_0.01_trade_offs_1,0.7447447447447447,0.8538011695906432,0.7087378640776699,0.7745358090185676
