exp,accuracy,precision,recall,f1
Damage_N2E_SWD_1_trade_offs_0.01,0.8532482598607889,0.8275529865125241,0.9206859592711683,0.8716387620497209
