exp,accuracy,precision,recall,f1
Damage_N2M_SWD_0_trade_offs_1,0.7837837837837838,0.8895348837209303,0.7427184466019418,0.8095238095238095
