exp,accuracy,precision,recall,f1
Damage_R2M_SWD_0_trade_offs_1,0.7387387387387387,0.8324022346368715,0.7233009708737864,0.7740259740259741
