exp,accuracy,precision,recall,f1
Damage_N2E_SWD_0_trade_offs_1,0.8874709976798144,0.9029443838604144,0.887459807073955,0.8951351351351352
