exp,accuracy,precision,recall,f1
Damage_R2E_SWD_0.01_trade_offs_1,0.8845707656612529,0.9024122807017544,0.8821007502679529,0.8921409214092141
