exp,accuracy,precision,recall,f1
Damage_R2M_SWD_1_trade_offs_0.1,0.7387387387387387,0.8606060606060606,0.6893203883495146,0.7654986522911053
