exp,accuracy,precision,recall,f1
Damage_M2R_SWD_0.1_trade_offs_1,0.7262905162064826,0.6982591876208898,0.8337182448036952,0.76
