exp,accuracy,precision,recall,f1
Damage_N2M_SWD_0.1_trade_offs_1,0.8408408408408409,0.9090909090909091,0.8252427184466019,0.8651399491094147
