exp,accuracy,precision,recall,f1
Damage_M2R_SWD_0.001_trade_offs_1,0.7274909963985594,0.6988416988416989,0.836027713625866,0.7613038906414301
