exp,accuracy,precision,recall,f1
Damage_N2M_SWD_0.1_trade_offs_1,0.8318318318318318,0.8712871287128713,0.8543689320388349,0.8627450980392157
