exp,accuracy,precision,recall,f1
Damage_M2R_SWD_0_trade_offs_1,0.7466986794717887,0.7202380952380952,0.8383371824480369,0.774813233724653
