exp,accuracy,precision,recall,f1
Damage_R2E_SWD_1_trade_offs_0.001,0.8857308584686775,0.9229885057471264,0.8606645230439443,0.8907376594564614
