exp,accuracy,precision,recall,f1
Damage_M2N_SWD_0_trade_offs_1,0.8001465661641541,0.81651770367824,0.8495171673819742,0.8326906222611744
