exp,accuracy,precision,recall,f1
Damage_R2M_SWD_0_trade_offs_1,0.7627627627627628,0.8359788359788359,0.7669902912621359,0.8
