exp,accuracy,precision,recall,f1
Damage_N2M_SWD_0.1_trade_offs_1,0.8468468468468469,0.8894472361809045,0.8592233009708737,0.874074074074074
