exp,accuracy,precision,recall,f1
Damage_E2N_SWD_0_trade_offs_1,0.8162164991624791,0.8564526618972406,0.8242131616595136,0.8400236934432952
