exp,accuracy,precision,recall,f1
Damage_E2R_SWD_0.1_trade_offs_1,0.7791116446578632,0.7665952890792291,0.8267898383371824,0.7955555555555555
