exp,accuracy,precision,recall,f1
Damage_E2M_SWD_0_trade_offs_1,0.7627627627627628,0.8802395209580839,0.7135922330097088,0.7882037533512065
