exp,accuracy,precision,recall,f1
Damage_R2E_SWD_0_trade_offs_1,0.855568445475638,0.85625,0.8810289389067524,0.8684627575277337
