exp,accuracy,precision,recall,f1
Damage_R2E_SWD_1_trade_offs_0.01,0.87877030162413,0.8755186721991701,0.9046087888531619,0.8898260411175539
