exp,accuracy,precision,recall,f1
Damage_E2N_SWD_0.01_trade_offs_1,0.8553706030150754,0.9081919534658265,0.8376251788268956,0.8714823945299782
