exp,accuracy,precision,recall,f1
Damage_N2E_SWD_1_trade_offs_0.1,0.8694895591647331,0.8327067669172933,0.9496248660235799,0.8873309964947422
