exp,accuracy,precision,recall,f1
Damage_M2N_SWD_0_trade_offs_1,0.7752826633165829,0.7867188150120662,0.8453147353361946,0.8149648722037843
