exp,accuracy,precision,recall,f1
Damage_N2R_SWD_1_trade_offs_1,0.7995198079231692,0.752851711026616,0.9145496535796767,0.8258602711157456
