exp,accuracy,precision,recall,f1
Damage_E2M_SWD_1_trade_offs_0.01,0.7447447447447447,0.827027027027027,0.7427184466019418,0.782608695652174
