exp,accuracy,precision,recall,f1
Damage_E2M_SWD_0.01_trade_offs_1,0.7777777777777778,0.8626373626373627,0.7621359223300971,0.809278350515464
