exp,accuracy,precision,recall,f1
Damage_N2E_SWD_0.001_trade_offs_1,0.9008120649651972,0.8817635270541082,0.9431939978563773,0.9114448472294148
