exp,accuracy,precision,recall,f1
Damage_E2N_SWD_1_trade_offs_0.001,0.8513400335008375,0.9101454974439638,0.8277896995708155,0.8670162951863644
