exp,accuracy,precision,recall,f1
Damage_E2N_SWD_0_trade_offs_1,0.8525439698492462,0.9034622432249976,0.8376251788268956,0.8692989375028998
