exp,accuracy,precision,recall,f1
Damage_E2M_SWD_1_trade_offs_0.1,0.7537537537537538,0.8333333333333334,0.7524271844660194,0.7908163265306123
