exp,accuracy,precision,recall,f1
Damage_M2N_SWD_0.1_trade_offs_1,0.8101444723618091,0.8172810479469309,0.870261087267525,0.8429394188715196
