exp,accuracy,precision,recall,f1
Damage_R2E_SWD_0_trade_offs_1,0.8781902552204176,0.887459807073955,0.887459807073955,0.887459807073955
