exp,accuracy,precision,recall,f1
Damage_E2R_SWD_0.01_trade_offs_1,0.7743097238895558,0.7716186252771619,0.8036951501154734,0.7873303167420813
