exp,accuracy,precision,recall,f1
Damage_M2N_SWD_0_trade_offs_1,0.7966917922948074,0.8027538155275381,0.865343347639485,0.8328743545611016
