exp,accuracy,precision,recall,f1
Damage_R2N_SWD_1_trade_offs_0.1,0.8212416247906198,0.9237482273371878,0.7571530758226037,0.8321949781337526
