exp,accuracy,precision,recall,f1
Damage_M2E_SWD_0_trade_offs_1,0.8091647331786543,0.8044354838709677,0.8553054662379421,0.829090909090909
