exp,accuracy,precision,recall,f1
Damage_E2R_SWD_0_trade_offs_1,0.8139255702280912,0.7995689655172413,0.8568129330254042,0.8272017837235229
