exp,accuracy,precision,recall,f1
Damage_N2M_SWD_0_trade_offs_1,0.8168168168168168,0.8961748633879781,0.7961165048543689,0.8431876606683805
