exp,accuracy,precision,recall,f1
Damage_R2E_SWD_0.1_trade_offs_1,0.8735498839907193,0.8864864864864865,0.8788853161843515,0.8826695371367062
