exp,accuracy,precision,recall,f1
Damage_N2E_SWD_1_trade_offs_0.1,0.8758700696055685,0.8420551855375833,0.9485530546623794,0.8921370967741935
