exp,accuracy,precision,recall,f1
Damage_R2N_SWD_1_trade_offs_0.1,0.8280464824120602,0.9022303696914146,0.7921137339055794,0.8435937723182403
