exp,accuracy,precision,recall,f1
Damage_R2E_SWD_0_trade_offs_1,0.8660092807424594,0.8917410714285714,0.8563772775991425,0.8737014762165117
