exp,accuracy,precision,recall,f1
Damage_M2E_SWD_0_trade_offs_1,0.8033642691415314,0.795816733067729,0.8563772775991425,0.8249870934434692
