exp,accuracy,precision,recall,f1
Damage_E2M_SWD_0_trade_offs_1,0.7657657657657657,0.8440860215053764,0.7621359223300971,0.8010204081632654
