exp,accuracy,precision,recall,f1
Damage_N2M_SWD_1_trade_offs_0.001,0.8048048048048048,0.8373205741626795,0.8495145631067961,0.8433734939759036
