exp,accuracy,precision,recall,f1
Damage_R2N_SWD_1_trade_offs_1,0.8081030150753769,0.8855384615384615,0.7719957081545065,0.82487818859272
