exp,accuracy,precision,recall,f1
Damage_M2E_SWD_1_trade_offs_1,0.7993039443155452,0.7641764176417641,0.909967845659164,0.8307240704500978
