exp,accuracy,precision,recall,f1
Damage_N2E_SWD_0_trade_offs_1,0.8932714617169374,0.8888888888888888,0.917470525187567,0.9029535864978903
