exp,accuracy,precision,recall,f1
Damage_R2N_SWD_0.1_trade_offs_1,0.8088358458961474,0.8919650291423813,0.7662732474964234,0.8243555213543671
