exp,accuracy,precision,recall,f1
Damage_M2N_SWD_0.01_trade_offs_1,0.8017692629815746,0.8166252889307423,0.852914878397711,0.8343756833588453
