exp,accuracy,precision,recall,f1
Damage_E2R_SWD_0.1_trade_offs_1,0.7863145258103241,0.7730192719486081,0.8337182448036952,0.8022222222222222
