exp,accuracy,precision,recall,f1
Damage_N2E_SWD_0_trade_offs_1,0.8857308584686775,0.8898305084745762,0.9003215434083601,0.8950452850293021
