exp,accuracy,precision,recall,f1
Damage_M2E_SWD_0_trade_offs_1,0.8167053364269141,0.8069651741293532,0.8692390139335477,0.8369453044375645
