exp,accuracy,precision,recall,f1
Damage_M2E_SWD_0_trade_offs_1,0.8283062645011601,0.8083252662149081,0.894962486602358,0.8494404883011191
