exp,accuracy,precision,recall,f1
Damage_M2E_SWD_1_trade_offs_0.01,0.7958236658932715,0.7667584940312213,0.894962486602358,0.8259149357072205
