exp,accuracy,precision,recall,f1
Damage_R2M_SWD_0.1_trade_offs_1,0.7207207207207207,0.8383233532934131,0.6796116504854369,0.7506702412868632
