exp,accuracy,precision,recall,f1
Damage_R2N_SWD_0_trade_offs_1,0.7916143216080402,0.8731737643767485,0.7534871244635193,0.8089272858171347
