exp,accuracy,precision,recall,f1
Damage_N2M_SWD_0_trade_offs_1,0.8228228228228228,0.893048128342246,0.8106796116504854,0.8498727735368957
