exp,accuracy,precision,recall,f1
Damage_E2M_SWD_1_trade_offs_0.1,0.7687687687687688,0.8486486486486486,0.7621359223300971,0.8030690537084398
