exp,accuracy,precision,recall,f1
Damage_E2N_SWD_0.1_trade_offs_1,0.8484087102177554,0.9007736943907156,0.832796852646638,0.8654525181193087
