exp,accuracy,precision,recall,f1
Damage_E2R_SWD_1_trade_offs_0.001,0.7635054021608644,0.7408163265306122,0.8383371824480369,0.7865655471289273
