exp,accuracy,precision,recall,f1
Damage_N2M_SWD_0_trade_offs_1,0.7867867867867868,0.8461538461538461,0.8009708737864077,0.8229426433915212
