exp,accuracy,precision,recall,f1
Damage_M2E_SWD_0_trade_offs_1,0.802784222737819,0.7864734299516908,0.872454448017149,0.8272357723577236
