exp,accuracy,precision,recall,f1
Damage_E2M_SWD_0.001_trade_offs_1,0.7957957957957958,0.8920454545454546,0.7621359223300971,0.8219895287958117
