exp,accuracy,precision,recall,f1
Damage_E2M_SWD_1_trade_offs_0.1,0.7747747747747747,0.8226600985221675,0.8106796116504854,0.8166259168704155
