exp,accuracy,precision,recall,f1
Damage_E2N_SWD_0_trade_offs_1,0.8340138190954773,0.8688886842832152,0.8437947067238912,0.8561578589249264
