exp,accuracy,precision,recall,f1
Damage_M2N_SWD_1_trade_offs_0.1,0.7607307370184254,0.769105558720599,0.8449570815450643,0.8052490307187594
