exp,accuracy,precision,recall,f1
Damage_R2M_SWD_0.1_trade_offs_1,0.7507507507507507,0.863905325443787,0.7087378640776699,0.7786666666666666
