exp,accuracy,precision,recall,f1
Damage_R2M_SWD_0_trade_offs_1,0.7507507507507507,0.8360655737704918,0.7427184466019418,0.7866323907455013
