exp,accuracy,precision,recall,f1
Damage_R2N_SWD_0.001_trade_offs_1,0.817891541038526,0.8887879705318398,0.787464234620887,0.8350637652301713
