exp,accuracy,precision,recall,f1
Damage_M2N_SWD_1_trade_offs_0.01,0.7736599664991625,0.7767468129740197,0.8607832618025751,0.8166087030282467
