exp,accuracy,precision,recall,f1
Damage_R2M_SWD_0.001_trade_offs_1,0.7567567567567568,0.8491620111731844,0.7378640776699029,0.7896103896103895
