exp,accuracy,precision,recall,f1
Damage_N2M_SWD_1_trade_offs_0.1,0.7987987987987988,0.8293838862559242,0.8495145631067961,0.8393285371702638
