exp,accuracy,precision,recall,f1
Damage_E2N_SWD_0_trade_offs_1,0.8112960636515912,0.8422288449381378,0.8338698140200286,0.8380284854203172
