exp,accuracy,precision,recall,f1
Damage_R2M_SWD_0_trade_offs_1,0.7597597597597597,0.8181818181818182,0.7864077669902912,0.801980198019802
