exp,accuracy,precision,recall,f1
Damage_E2M_SWD_1_trade_offs_0.01,0.7837837837837838,0.8681318681318682,0.7669902912621359,0.8144329896907215
