exp,accuracy,precision,recall,f1
Damage_N2M_SWD_1_trade_offs_0.01,0.8078078078078078,0.8622448979591837,0.8203883495145631,0.8407960199004973
