exp,accuracy,precision,recall,f1
Damage_R2N_SWD_0_trade_offs_1,0.7821398659966499,0.8258166295471417,0.7956902718168812,0.8104735883424407
