exp,accuracy,precision,recall,f1
Damage_M2N_SWD_1_trade_offs_0.001,0.790358040201005,0.7869992804029743,0.8800965665236051,0.8309484614410535
