exp,accuracy,precision,recall,f1
Damage_R2N_SWD_0_trade_offs_1,0.7874790619765494,0.8246445497630331,0.8090128755364807,0.8167539267015708
