exp,accuracy,precision,recall,f1
Damage_R2N_SWD_0.1_trade_offs_1,0.8182579564489112,0.89500102438025,0.7812052932761088,0.8342404277666381
