exp,accuracy,precision,recall,f1
Damage_E2R_SWD_0.1_trade_offs_1,0.7695078031212484,0.7547568710359408,0.8244803695150116,0.7880794701986754
