exp,accuracy,precision,recall,f1
Damage_R2E_SWD_0_trade_offs_1,0.8735498839907193,0.8941565600882029,0.8692390139335477,0.8815217391304349
