exp,accuracy,precision,recall,f1
Damage_E2M_SWD_0.01_trade_offs_1,0.8018018018018018,0.8888888888888888,0.7766990291262136,0.8290155440414507
