exp,accuracy,precision,recall,f1
Damage_M2R_SWD_0_trade_offs_1,0.7070828331332533,0.6793168880455408,0.8267898383371824,0.7458333333333333
