exp,accuracy,precision,recall,f1
Damage_E2M_SWD_0.001_trade_offs_1,0.7597597597597597,0.8539325842696629,0.7378640776699029,0.7916666666666666
