exp,accuracy,precision,recall,f1
Damage_R2M_SWD_0.1_trade_offs_1,0.7117117117117117,0.8273809523809523,0.6747572815533981,0.7433155080213903
