exp,accuracy,precision,recall,f1
Damage_R2M_SWD_0.01_trade_offs_1,0.7387387387387387,0.8562874251497006,0.6941747572815534,0.7667560321715817
