exp,accuracy,precision,recall,f1
Damage_M2R_SWD_0_trade_offs_1,0.7106842737094838,0.6875,0.812933025404157,0.744973544973545
