exp,accuracy,precision,recall,f1
Damage_N2E_SWD_0_trade_offs_1,0.898491879350348,0.8923395445134575,0.9239013933547695,0.9078462348604528
