exp,accuracy,precision,recall,f1
Damage_R2M_SWD_0_trade_offs_1,0.7717717717717718,0.8282828282828283,0.7961165048543689,0.8118811881188118
