exp,accuracy,precision,recall,f1
Damage_M2R_SWD_1_trade_offs_1,0.7394957983193278,0.6901408450704225,0.9053117782909931,0.7832167832167832
