exp,accuracy,precision,recall,f1
Damage_R2N_SWD_0_trade_offs_1,0.8051716917922948,0.8523135033050048,0.8070457796852647,0.8290621842564527
