exp,accuracy,precision,recall,f1
Damage_R2N_SWD_1_trade_offs_0.1,0.8332809882747069,0.8917621706337545,0.8140200286123033,0.8511195250782967
