exp,accuracy,precision,recall,f1
Damage_E2N_SWD_1_trade_offs_1,0.8509736180904522,0.896660005709392,0.8425429184549357,0.8687595076752871
