exp,accuracy,precision,recall,f1
Damage_N2R_SWD_1_trade_offs_0.01,0.801920768307323,0.7547528517110266,0.9168591224018475,0.8279457768508863
