exp,accuracy,precision,recall,f1
Damage_N2M_SWD_1_trade_offs_0.01,0.7897897897897898,0.8300970873786407,0.8300970873786407,0.8300970873786409
