exp,accuracy,precision,recall,f1
Damage_N2M_SWD_0_trade_offs_1,0.8288288288288288,0.8599033816425121,0.8640776699029126,0.8619854721549638
