exp,accuracy,precision,recall,f1
Damage_M2R_SWD_1_trade_offs_0.1,0.6854741896758704,0.6563071297989032,0.8290993071593533,0.7326530612244898
