exp,accuracy,precision,recall,f1
Damage_M2R_SWD_0_trade_offs_1,0.751500600240096,0.720703125,0.8521939953810623,0.780952380952381
