exp,accuracy,precision,recall,f1
Damage_R2M_SWD_1_trade_offs_1,0.7297297297297297,0.8625,0.6699029126213593,0.7540983606557378
