exp,accuracy,precision,recall,f1
Damage_M2N_SWD_1_trade_offs_0.001,0.7752303182579564,0.7933912451030489,0.8329756795422032,0.8127017360202391
