exp,accuracy,precision,recall,f1
Damage_N2M_SWD_1_trade_offs_1,0.8408408408408409,0.8731707317073171,0.8689320388349514,0.8710462287104622
