exp,accuracy,precision,recall,f1
Damage_N2M_SWD_0_trade_offs_1,0.8408408408408409,0.8883248730964467,0.8495145631067961,0.8684863523573201
