exp,accuracy,precision,recall,f1
Damage_R2M_SWD_1_trade_offs_1,0.7447447447447447,0.8757763975155279,0.6844660194174758,0.7683923705722071
