exp,accuracy,precision,recall,f1
Damage_N2R_SWD_0_trade_offs_1,0.7563025210084033,0.779126213592233,0.7413394919168591,0.7597633136094674
