exp,accuracy,precision,recall,f1
Damage_E2R_SWD_0.01_trade_offs_1,0.7743097238895558,0.7623126338329764,0.8221709006928406,0.7911111111111111
