exp,accuracy,precision,recall,f1
Damage_N2E_SWD_0_trade_offs_1,0.8909512761020881,0.9018338727076591,0.8960342979635584,0.8989247311827958
