exp,accuracy,precision,recall,f1
Damage_E2N_SWD_1_trade_offs_1,0.8409233668341709,0.8956572427863596,0.8243025751072961,0.8584997904735298
