exp,accuracy,precision,recall,f1
Damage_E2N_SWD_0_trade_offs_1,0.8600293132328308,0.9040068363083935,0.8513054363376252,0.8768649843433414
