exp,accuracy,precision,recall,f1
Damage_N2M_SWD_0.01_trade_offs_1,0.8168168168168168,0.8756476683937824,0.8203883495145631,0.8471177944862156
