exp,accuracy,precision,recall,f1
Damage_M2N_SWD_0.1_trade_offs_1,0.8168446398659966,0.8336372319180342,0.858458512160229,0.8458658208889476
