exp,accuracy,precision,recall,f1
Damage_R2E_SWD_1_trade_offs_1,0.8776102088167054,0.8881720430107527,0.8853161843515541,0.8867418142780462
