exp,accuracy,precision,recall,f1
Damage_N2E_SWD_0.001_trade_offs_1,0.8967517401392111,0.8871794871794871,0.9271168274383709,0.9067085953878405
