exp,accuracy,precision,recall,f1
Damage_N2E_SWD_1_trade_offs_1,0.8781902552204176,0.8526829268292683,0.9367631296891747,0.8927477017364658
