exp,accuracy,precision,recall,f1
Damage_E2M_SWD_0.1_trade_offs_1,0.7927927927927928,0.8663101604278075,0.7864077669902912,0.8244274809160305
