exp,accuracy,precision,recall,f1
Damage_N2R_SWD_0_trade_offs_1,0.8367346938775511,0.8207343412526998,0.8775981524249422,0.8482142857142857
