exp,accuracy,precision,recall,f1
Damage_N2R_SWD_0_trade_offs_1,0.7947178871548619,0.8447368421052631,0.7413394919168591,0.7896678966789668
