exp,accuracy,precision,recall,f1
Damage_R2M_SWD_1_trade_offs_0.001,0.7447447447447447,0.8579881656804734,0.7038834951456311,0.7733333333333334
