exp,accuracy,precision,recall,f1
Damage_R2N_SWD_0_trade_offs_1,0.8005129815745393,0.8562179920765292,0.7922925608011445,0.8230158361584545
