exp,accuracy,precision,recall,f1
Damage_E2M_SWD_1_trade_offs_0.001,0.7477477477477478,0.8465909090909091,0.7233009708737864,0.7801047120418847
