exp,accuracy,precision,recall,f1
Damage_N2M_SWD_1_trade_offs_1,0.8378378378378378,0.8838383838383839,0.8495145631067961,0.8663366336633663
