exp,accuracy,precision,recall,f1
Damage_E2N_SWD_0_trade_offs_1,0.8615473199329984,0.8928144263501702,0.8676680972818311,0.8800616696141114
