exp,accuracy,precision,recall,f1
Damage_R2E_SWD_0_trade_offs_1,0.8845707656612529,0.9068736141906873,0.8767416934619507,0.8915531335149863
