exp,accuracy,precision,recall,f1
Damage_M2R_SWD_0.01_trade_offs_1,0.7250900360144058,0.7,0.8244803695150116,0.7571580063626724
