exp,accuracy,precision,recall,f1
Damage_R2M_SWD_1_trade_offs_0.01,0.7327327327327328,0.8461538461538461,0.6941747572815534,0.7626666666666666
