exp,accuracy,precision,recall,f1
Damage_M2E_SWD_0_trade_offs_1,0.8010440835266821,0.7836538461538461,0.8735262593783494,0.8261530663963507
