exp,accuracy,precision,recall,f1
Damage_M2R_SWD_0_trade_offs_1,0.7442977190876351,0.7226720647773279,0.8244803695150116,0.7702265372168284
