exp,accuracy,precision,recall,f1
Damage_M2R_SWD_0_trade_offs_1,0.7130852340936374,0.6932270916334662,0.8036951501154734,0.7443850267379679
