exp,accuracy,precision,recall,f1
Damage_M2N_SWD_0.1_trade_offs_1,0.7889447236180904,0.8018740503123417,0.8493383404864091,0.8249240121580548
