exp,accuracy,precision,recall,f1
Damage_N2R_SWD_1_trade_offs_0.1,0.8091236494597839,0.7665369649805448,0.9099307159353349,0.8321013727560718
