exp,accuracy,precision,recall,f1
Damage_R2N_SWD_1_trade_offs_0.01,0.8276800670016751,0.9078974571015092,0.7853183118741058,0.8421708696902866
