exp,accuracy,precision,recall,f1
Damage_M2R_SWD_0_trade_offs_1,0.7406962785114045,0.7157057654075547,0.8314087759815243,0.7692307692307694
