exp,accuracy,precision,recall,f1
Damage_M2R_SWD_0.001_trade_offs_1,0.7106842737094838,0.6904761904761905,0.8036951501154734,0.742796157950907
