exp,accuracy,precision,recall,f1
Damage_M2E_SWD_1_trade_offs_0.1,0.7952436194895591,0.7539404553415061,0.9228295819935691,0.8298795180722891
