exp,accuracy,precision,recall,f1
Damage_E2M_SWD_0_trade_offs_1,0.7627627627627628,0.8432432432432433,0.7572815533980582,0.7979539641943735
