exp,accuracy,precision,recall,f1
Damage_M2E_SWD_0.01_trade_offs_1,0.8033642691415314,0.780188679245283,0.8863879957127545,0.8299046663321625
