exp,accuracy,precision,recall,f1
Damage_M2E_SWD_1_trade_offs_0.001,0.8004640371229699,0.7669990933816863,0.9067524115755627,0.831041257367387
