exp,accuracy,precision,recall,f1
Damage_R2M_SWD_0_trade_offs_1,0.7507507507507507,0.8253968253968254,0.7572815533980582,0.7898734177215191
