exp,accuracy,precision,recall,f1
Damage_M2E_SWD_0_trade_offs_1,0.787122969837587,0.7752918287937743,0.8542336548767417,0.8128505864354921
