exp,accuracy,precision,recall,f1
Damage_E2R_SWD_1_trade_offs_1,0.7851140456182473,0.7613168724279835,0.8545034642032333,0.8052230685527747
