exp,accuracy,precision,recall,f1
Damage_R2N_SWD_0.1_trade_offs_1,0.8098827470686767,0.8902439024390244,0.7702074391988555,0.8258868648130393
