exp,accuracy,precision,recall,f1
Damage_R2M_SWD_0_trade_offs_1,0.7687687687687688,0.8449197860962567,0.7669902912621359,0.8040712468193385
