exp,accuracy,precision,recall,f1
Damage_E2N_SWD_1_trade_offs_0.1,0.8550041876046901,0.9030465606438015,0.8428111587982833,0.8718897419295162
