exp,accuracy,precision,recall,f1
Damage_M2R_SWD_1_trade_offs_1,0.723889555822329,0.6940726577437859,0.8383371824480369,0.7594142259414227
