exp,accuracy,precision,recall,f1
Damage_N2R_SWD_0.1_trade_offs_1,0.8139255702280912,0.7860082304526749,0.8822170900692841,0.8313384113166485
