exp,accuracy,precision,recall,f1
Damage_M2E_SWD_1_trade_offs_0.01,0.7859628770301624,0.7582417582417582,0.887459807073955,0.8177777777777777
