exp,accuracy,precision,recall,f1
Damage_N2M_SWD_0.001_trade_offs_1,0.8438438438438438,0.8928571428571429,0.8495145631067961,0.8706467661691543
