exp,accuracy,precision,recall,f1
Damage_E2R_SWD_1_trade_offs_0.1,0.7779111644657863,0.7313432835820896,0.9053117782909931,0.8090815273477813
