exp,accuracy,precision,recall,f1
Damage_R2E_SWD_1_trade_offs_0.1,0.8839907192575406,0.910414333706607,0.8713826366559485,0.890470974808324
