exp,accuracy,precision,recall,f1
Damage_R2E_SWD_0.001_trade_offs_1,0.8602088167053364,0.8914027149321267,0.8445873526259379,0.8673637864611998
