exp,accuracy,precision,recall,f1
Damage_M2N_SWD_1_trade_offs_0.1,0.7817734505862647,0.7817495381155113,0.8701716738197425,0.8235941268565141
