exp,accuracy,precision,recall,f1
Damage_N2R_SWD_0.01_trade_offs_1,0.8187274909963985,0.7889344262295082,0.8891454965357968,0.8360477741585234
