exp,accuracy,precision,recall,f1
Damage_R2N_SWD_1_trade_offs_0.001,0.8207181742043551,0.8660941775974332,0.8206366237482118,0.8427528579955007
