exp,accuracy,precision,recall,f1
Damage_N2R_SWD_0.001_trade_offs_1,0.8139255702280912,0.7932489451476793,0.8683602771362586,0.8291069459757443
