exp,accuracy,precision,recall,f1
Damage_R2E_SWD_0_trade_offs_1,0.857308584686775,0.8523076923076923,0.8906752411575563,0.871069182389937
