exp,accuracy,precision,recall,f1
Damage_R2E_SWD_1_trade_offs_1,0.8642691415313225,0.8836443468715697,0.8628081457663451,0.8731019522776572
