exp,accuracy,precision,recall,f1
Damage_R2E_SWD_1_trade_offs_0.01,0.8816705336426914,0.8932038834951457,0.887459807073955,0.8903225806451612
