exp,accuracy,precision,recall,f1
Damage_M2R_SWD_1_trade_offs_0.1,0.737094837935174,0.708171206225681,0.8406466512702079,0.7687434002111934
