exp,accuracy,precision,recall,f1
Damage_R2M_SWD_1_trade_offs_0.1,0.7477477477477478,0.8588235294117647,0.7087378640776699,0.776595744680851
