exp,accuracy,precision,recall,f1
Damage_R2E_SWD_0_trade_offs_1,0.8718097447795824,0.9027149321266968,0.8553054662379421,0.8783709411117226
