exp,accuracy,precision,recall,f1
Damage_R2N_SWD_0.001_trade_offs_1,0.7964824120603015,0.8828715365239295,0.7521459227467812,0.8122827346465816
