exp,accuracy,precision,recall,f1
Damage_E2R_SWD_1_trade_offs_0.01,0.7899159663865546,0.7621951219512195,0.8660508083140878,0.8108108108108109
