exp,accuracy,precision,recall,f1
Damage_E2R_SWD_1_trade_offs_0.001,0.7791116446578632,0.7621052631578947,0.836027713625866,0.7973568281938327
