exp,accuracy,precision,recall,f1
Damage_M2N_SWD_0_trade_offs_1,0.7933940536013401,0.8001161151198474,0.862571530758226,0.8301708188115831
