exp,accuracy,precision,recall,f1
Damage_M2N_SWD_1_trade_offs_0.1,0.798000418760469,0.7989551873316464,0.8751788268955651,0.8353317687219971
