exp,accuracy,precision,recall,f1
Damage_M2N_SWD_1_trade_offs_0.01,0.7945456448911222,0.7983068957014876,0.8684728183118741,0.8319129801721553
