exp,accuracy,precision,recall,f1
Damage_M2E_SWD_0_trade_offs_1,0.7749419953596288,0.7711442786069652,0.8306538049303323,0.7997936016511867
