exp,accuracy,precision,recall,f1
Damage_R2M_SWD_0_trade_offs_1,0.7537537537537538,0.8406593406593407,0.7427184466019418,0.788659793814433
