exp,accuracy,precision,recall,f1
Damage_M2R_SWD_1_trade_offs_0.01,0.7322929171668667,0.6958955223880597,0.8614318706697459,0.7698658410732714
