exp,accuracy,precision,recall,f1
Damage_M2E_SWD_1_trade_offs_0.001,0.7993039443155452,0.761353517364203,0.9163987138263665,0.8317120622568093
