exp,accuracy,precision,recall,f1
Damage_E2R_SWD_0_trade_offs_1,0.801920768307323,0.8252427184466019,0.7852193995381063,0.8047337278106508
