exp,accuracy,precision,recall,f1
Damage_E2N_SWD_1_trade_offs_0.001,0.8499790619765494,0.8919148134187712,0.8462982832618026,0.8685079831161682
