exp,accuracy,precision,recall,f1
Damage_M2E_SWD_1_trade_offs_0.001,0.8039443155452436,0.7602799650043744,0.9314040728831725,0.8371868978805396
