exp,accuracy,precision,recall,f1
Damage_M2N_SWD_0_trade_offs_1,0.7803077889447236,0.7965871466168605,0.8389663805436338,0.8172277141488482
