exp,accuracy,precision,recall,f1
Damage_E2R_SWD_0_trade_offs_1,0.7851140456182473,0.7847533632286996,0.8083140877598153,0.7963594994311718
