exp,accuracy,precision,recall,f1
Damage_M2N_SWD_0_trade_offs_1,0.7970058626465661,0.8045181727242414,0.8629291845493562,0.8327006039689389
