exp,accuracy,precision,recall,f1
Damage_E2M_SWD_1_trade_offs_0.001,0.7357357357357357,0.8010204081632653,0.7621359223300971,0.7810945273631842
