exp,accuracy,precision,recall,f1
Damage_E2M_SWD_1_trade_offs_1,0.7357357357357357,0.8138297872340425,0.7427184466019418,0.7766497461928934
