exp,accuracy,precision,recall,f1
Damage_E2M_SWD_0_trade_offs_1,0.7507507507507507,0.8219895287958116,0.7621359223300971,0.7909319899244334
