exp,accuracy,precision,recall,f1
Damage_R2N_SWD_0_trade_offs_1,0.8005129815745393,0.8759816420193779,0.7679721030042919,0.8184287007480109
