exp,accuracy,precision,recall,f1
Damage_E2R_SWD_0.001_trade_offs_1,0.7791116446578632,0.7957244655581948,0.7736720554272517,0.784543325526932
