exp,accuracy,precision,recall,f1
Damage_N2E_SWD_0.01_trade_offs_1,0.8961716937354989,0.8839103869653768,0.9303322615219721,0.9065274151436032
