exp,accuracy,precision,recall,f1
Damage_R2N_SWD_0_trade_offs_1,0.8056951423785594,0.8697545526524149,0.7857653791130186,0.825629462608042
