exp,accuracy,precision,recall,f1
Damage_N2E_SWD_0.1_trade_offs_1,0.8996519721577726,0.8784860557768924,0.9453376205787781,0.9106866288074342
