exp,accuracy,precision,recall,f1
Damage_E2R_SWD_0.001_trade_offs_1,0.7767106842737095,0.7750556792873051,0.8036951501154734,0.7891156462585034
