exp,accuracy,precision,recall,f1
Damage_E2R_SWD_1_trade_offs_0.1,0.7851140456182473,0.7760869565217391,0.8244803695150116,0.799552071668533
