exp,accuracy,precision,recall,f1
Damage_M2E_SWD_0_trade_offs_1,0.8271461716937355,0.8055822906641001,0.8971061093247589,0.8488843813387424
