exp,accuracy,precision,recall,f1
Damage_N2M_SWD_1_trade_offs_0.001,0.8198198198198198,0.8686868686868687,0.8349514563106796,0.8514851485148516
