exp,accuracy,precision,recall,f1
Damage_N2M_SWD_0.01_trade_offs_1,0.8288288288288288,0.8706467661691543,0.8495145631067961,0.8599508599508598
