exp,accuracy,precision,recall,f1
Damage_R2N_SWD_1_trade_offs_1,0.814175041876047,0.8807101536006383,0.7895207439198856,0.8326261197548327
