exp,accuracy,precision,recall,f1
Damage_N2M_SWD_0_trade_offs_1,0.8318318318318318,0.8947368421052632,0.8252427184466019,0.8585858585858587
