exp,accuracy,precision,recall,f1
Damage_R2N_SWD_0_trade_offs_1,0.782925041876047,0.8221184656229974,0.8029327610872675,0.8124123580766275
