exp,accuracy,precision,recall,f1
Damage_R2M_SWD_1_trade_offs_0.01,0.7447447447447447,0.8711656441717791,0.6893203883495146,0.7696476964769647
