exp,accuracy,precision,recall,f1
Damage_N2R_SWD_1_trade_offs_0.1,0.8187274909963985,0.77431906614786,0.9191685912240185,0.8405491024287223
