exp,accuracy,precision,recall,f1
Damage_M2R_SWD_1_trade_offs_1,0.6890756302521008,0.669260700389105,0.7944572748267898,0.7265047518479408
