exp,accuracy,precision,recall,f1
Damage_N2R_SWD_1_trade_offs_0.01,0.8067226890756303,0.7556390977443609,0.9284064665127021,0.8331606217616581
