exp,accuracy,precision,recall,f1
Damage_E2N_SWD_1_trade_offs_0.1,0.8391436348408711,0.8972475266921344,0.8190271816881259,0.8563548824381808
