exp,accuracy,precision,recall,f1
Damage_N2M_SWD_0_trade_offs_1,0.8108108108108109,0.8994413407821229,0.7815533980582524,0.8363636363636364
