exp,accuracy,precision,recall,f1
Damage_M2E_SWD_0.001_trade_offs_1,0.7935034802784223,0.775549188156638,0.8703108252947481,0.8202020202020202
