exp,accuracy,precision,recall,f1
Damage_E2R_SWD_0_trade_offs_1,0.7923169267707083,0.8125,0.7806004618937644,0.7962308598351001
