exp,accuracy,precision,recall,f1
Damage_R2N_SWD_1_trade_offs_0.01,0.8278371021775545,0.8788751319704386,0.8187589413447782,0.8477526269499606
