exp,accuracy,precision,recall,f1
Damage_R2N_SWD_0_trade_offs_1,0.809463986599665,0.887587340731607,0.7723533619456366,0.8259705488621151
