exp,accuracy,precision,recall,f1
Damage_M2N_SWD_0_trade_offs_1,0.7731365159128978,0.7999649675950254,0.8167024320457796,0.8082470577824973
