exp,accuracy,precision,recall,f1
Damage_E2R_SWD_0.01_trade_offs_1,0.7887154861944778,0.7705263157894737,0.8452655889145496,0.8061674008810572
