exp,accuracy,precision,recall,f1
Damage_M2E_SWD_0_trade_offs_1,0.7906032482598608,0.779296875,0.8553054662379421,0.8155339805825242
