exp,accuracy,precision,recall,f1
Damage_E2M_SWD_0_trade_offs_1,0.8018018018018018,0.8977272727272727,0.7669902912621359,0.8272251308900525
