exp,accuracy,precision,recall,f1
Damage_E2R_SWD_0_trade_offs_1,0.7719087635054022,0.7913669064748201,0.7621247113163973,0.776470588235294
