exp,accuracy,precision,recall,f1
Damage_E2N_SWD_0.001_trade_offs_1,0.8521252093802345,0.898845309666953,0.8421852646638054,0.8695933157919032
