exp,accuracy,precision,recall,f1
Damage_M2E_SWD_0.01_trade_offs_1,0.8074245939675174,0.7709648331830478,0.9163987138263665,0.8374142997061704
