exp,accuracy,precision,recall,f1
Damage_N2R_SWD_0_trade_offs_1,0.7647058823529411,0.7869249394673123,0.7505773672055427,0.7683215130023641
