exp,accuracy,precision,recall,f1
Damage_E2R_SWD_0_trade_offs_1,0.7947178871548619,0.7847826086956522,0.8337182448036952,0.8085106382978725
