exp,accuracy,precision,recall,f1
Damage_N2E_SWD_0_trade_offs_1,0.9060324825986079,0.8890010090817356,0.9442658092175777,0.9158004158004159
