exp,accuracy,precision,recall,f1
Damage_N2R_SWD_1_trade_offs_0.001,0.7995198079231692,0.7618110236220472,0.8937644341801386,0.8225292242295431
