exp,accuracy,precision,recall,f1
Damage_N2M_SWD_0_trade_offs_1,0.8078078078078078,0.865979381443299,0.8155339805825242,0.8399999999999999
