exp,accuracy,precision,recall,f1
Damage_E2N_SWD_0.1_trade_offs_1,0.8450586264656617,0.9040880503144654,0.8226037195994278,0.8614232209737827
