exp,accuracy,precision,recall,f1
Damage_N2M_SWD_0_trade_offs_1,0.7897897897897898,0.8736263736263736,0.7718446601941747,0.8195876288659795
