exp,accuracy,precision,recall,f1
Damage_R2N_SWD_1_trade_offs_0.001,0.8212939698492462,0.8855696705041683,0.7978361945636624,0.8394167450611477
