exp,accuracy,precision,recall,f1
Damage_M2E_SWD_0_trade_offs_1,0.7859628770301624,0.7831325301204819,0.8360128617363344,0.8087091757387247
