exp,accuracy,precision,recall,f1
Damage_N2R_SWD_0.001_trade_offs_1,0.8283313325330132,0.8179824561403509,0.8614318706697459,0.8391451068616423
