exp,accuracy,precision,recall,f1
Damage_N2R_SWD_0_trade_offs_1,0.7995198079231692,0.841025641025641,0.7575057736720554,0.7970838396111786
