exp,accuracy,precision,recall,f1
Damage_E2N_SWD_1_trade_offs_0.01,0.8435929648241206,0.8839235525576167,0.8436158798283262,0.8632994784518255
