exp,accuracy,precision,recall,f1
Damage_N2E_SWD_1_trade_offs_0.001,0.8689095127610209,0.8559919436052367,0.9110396570203644,0.8826583592938734
