exp,accuracy,precision,recall,f1
Damage_N2M_SWD_1_trade_offs_0.001,0.7957957957957958,0.8520408163265306,0.8106796116504854,0.8308457711442786
