exp,accuracy,precision,recall,f1
Damage_E2R_SWD_0_trade_offs_1,0.7935174069627852,0.8013856812933026,0.8013856812933026,0.8013856812933026
