exp,accuracy,precision,recall,f1
Damage_N2E_SWD_1_trade_offs_0.01,0.8706496519721578,0.8387404580152672,0.9421221864951769,0.8874305906108028
