exp,accuracy,precision,recall,f1
Damage_M2N_SWD_0_trade_offs_1,0.7930799832495813,0.8208359215547076,0.827074391988555,0.8239433483276177
