exp,accuracy,precision,recall,f1
Damage_N2M_SWD_0_trade_offs_1,0.8288288288288288,0.8900523560209425,0.8252427184466019,0.8564231738035265
