exp,accuracy,precision,recall,f1
Damage_M2R_SWD_0_trade_offs_1,0.7466986794717887,0.722,0.8337182448036952,0.7738478027867094
