exp,accuracy,precision,recall,f1
Damage_M2R_SWD_0.001_trade_offs_1,0.709483793517407,0.6883629191321499,0.8060046189376443,0.7425531914893617
