exp,accuracy,precision,recall,f1
Damage_N2R_SWD_0_trade_offs_1,0.8067226890756303,0.8285024154589372,0.792147806004619,0.8099173553719008
