exp,accuracy,precision,recall,f1
Damage_M2E_SWD_1_trade_offs_0.1,0.7882830626450116,0.7581818181818182,0.8938906752411575,0.8204623708804721
