exp,accuracy,precision,recall,f1
Damage_R2E_SWD_1_trade_offs_0.001,0.8851508120649652,0.8938906752411575,0.8938906752411575,0.8938906752411575
