exp,accuracy,precision,recall,f1
Damage_R2E_SWD_0_trade_offs_1,0.8752900232018561,0.908883826879271,0.8553054662379421,0.8812810601877415
