exp,accuracy,precision,recall,f1
Damage_N2E_SWD_1_trade_offs_0.01,0.872969837587007,0.8413001912045889,0.9431939978563773,0.8893380495199595
