exp,accuracy,precision,recall,f1
Damage_E2N_SWD_0_trade_offs_1,0.8410280569514238,0.8850552982323471,0.8371781115879828,0.8604512245554382
