exp,accuracy,precision,recall,f1
Damage_N2E_SWD_0.01_trade_offs_1,0.9031322505800464,0.893223819301848,0.932475884244373,0.9124278972207657
