exp,accuracy,precision,recall,f1
Damage_M2N_SWD_0.001_trade_offs_1,0.8214510050251256,0.8330048839002656,0.869277539341917,0.8507547582585867
