exp,accuracy,precision,recall,f1
Damage_R2M_SWD_0_trade_offs_1,0.7417417417417418,0.8370786516853933,0.7233009708737864,0.7760416666666666
