exp,accuracy,precision,recall,f1
Damage_R2N_SWD_0_trade_offs_1,0.8036013400335008,0.8777190485871113,0.772085121602289,0.8215203120540386
