exp,accuracy,precision,recall,f1
Damage_E2R_SWD_1_trade_offs_0.001,0.7743097238895558,0.7445109780439122,0.8614318706697459,0.7987152034261241
