exp,accuracy,precision,recall,f1
Damage_M2R_SWD_0.1_trade_offs_1,0.7082833133253301,0.685546875,0.8106235565819861,0.7428571428571429
