exp,accuracy,precision,recall,f1
Damage_M2E_SWD_0.1_trade_offs_1,0.8056844547563805,0.7810150375939849,0.8906752411575563,0.8322483725588382
