exp,accuracy,precision,recall,f1
Damage_E2N_SWD_1_trade_offs_0.1,0.8418132328308208,0.8919515943142527,0.8303826895565093,0.8600666790146323
