exp,accuracy,precision,recall,f1
Damage_M2R_SWD_0.01_trade_offs_1,0.7118847539015606,0.6888454011741683,0.812933025404157,0.7457627118644067
