exp,accuracy,precision,recall,f1
Damage_M2E_SWD_0.001_trade_offs_1,0.8051044083526682,0.784556720686368,0.8821007502679529,0.8304742684157418
