exp,accuracy,precision,recall,f1
Damage_R2N_SWD_1_trade_offs_0.01,0.8109819932998324,0.8754586018839862,0.789431330472103,0.8302223893930133
