exp,accuracy,precision,recall,f1
Damage_N2E_SWD_0_trade_offs_1,0.8979118329466357,0.8914167528438469,0.9239013933547695,0.9073684210526316
