exp,accuracy,precision,recall,f1
Damage_E2N_SWD_0_trade_offs_1,0.8558940536013401,0.8962308487639816,0.8525572246065808,0.8738486917472391
