exp,accuracy,precision,recall,f1
Damage_R2M_SWD_1_trade_offs_0.1,0.7717717717717718,0.8823529411764706,0.7281553398058253,0.7978723404255318
