exp,accuracy,precision,recall,f1
Damage_M2E_SWD_0_trade_offs_1,0.8080046403712297,0.7916666666666666,0.8756698821007503,0.8315521628498727
