exp,accuracy,precision,recall,f1
Damage_M2N_SWD_0_trade_offs_1,0.8074225293132329,0.8143587165954594,0.8691881258941345,0.8408805847497947
