exp,accuracy,precision,recall,f1
Damage_E2M_SWD_0_trade_offs_1,0.7687687687687688,0.837696335078534,0.7766990291262136,0.8060453400503778
