exp,accuracy,precision,recall,f1
Damage_E2N_SWD_0.01_trade_offs_1,0.8599246231155779,0.9060710194730813,0.8487124463519313,0.8764542936288089
