exp,accuracy,precision,recall,f1
Damage_R2N_SWD_0.01_trade_offs_1,0.8101968174204355,0.8822577382156586,0.7798640915593705,0.827906976744186
