exp,accuracy,precision,recall,f1
Damage_E2N_SWD_0_trade_offs_1,0.8598722780569514,0.8896930829134219,0.868293991416309,0.8788632969817639
