exp,accuracy,precision,recall,f1
Damage_N2R_SWD_0.001_trade_offs_1,0.8271308523409364,0.8203991130820399,0.8545034642032333,0.8371040723981901
