exp,accuracy,precision,recall,f1
Damage_E2N_SWD_0_trade_offs_1,0.8463149078726968,0.8847014925373134,0.847997138769671,0.8659605551497443
