exp,accuracy,precision,recall,f1
Damage_E2M_SWD_0_trade_offs_1,0.7867867867867868,0.8901734104046243,0.7475728155339806,0.8126649076517151
