exp,accuracy,precision,recall,f1
Damage_E2N_SWD_0.1_trade_offs_1,0.8443257956448911,0.9034001572327044,0.8219778254649499,0.8607677902621723
