exp,accuracy,precision,recall,f1
Damage_E2M_SWD_1_trade_offs_1,0.7747747747747747,0.8579234972677595,0.7621359223300971,0.8071979434447302
