exp,accuracy,precision,recall,f1
Damage_N2M_SWD_1_trade_offs_0.1,0.8288288288288288,0.8781725888324873,0.8398058252427184,0.8585607940446649
