exp,accuracy,precision,recall,f1
Damage_M2N_SWD_1_trade_offs_0.001,0.7876884422110553,0.7784810126582279,0.8908261802575107,0.8308731548661495
