exp,accuracy,precision,recall,f1
Damage_N2M_SWD_0_trade_offs_1,0.8198198198198198,0.8882978723404256,0.8106796116504854,0.8477157360406091
