exp,accuracy,precision,recall,f1
Damage_M2N_SWD_1_trade_offs_0.01,0.7601025963149078,0.7799168857603257,0.8222460658082976,0.8005223068552776
