exp,accuracy,precision,recall,f1
Damage_M2E_SWD_1_trade_offs_1,0.7859628770301624,0.7513368983957219,0.9035369774919614,0.8204379562043795
