exp,accuracy,precision,recall,f1
Damage_N2R_SWD_1_trade_offs_0.001,0.8103241296518607,0.7649325626204239,0.9168591224018475,0.8340336134453781
