exp,accuracy,precision,recall,f1
Damage_E2R_SWD_0.001_trade_offs_1,0.7935174069627852,0.8041958041958042,0.7967667436489607,0.8004640371229699
