exp,accuracy,precision,recall,f1
Damage_N2E_SWD_1_trade_offs_0.001,0.87122969837587,0.8516320474777448,0.9228295819935691,0.8858024691358025
