exp,accuracy,precision,recall,f1
Damage_E2M_SWD_1_trade_offs_0.01,0.7417417417417418,0.8,0.7766990291262136,0.788177339901478
