exp,accuracy,precision,recall,f1
Damage_M2R_SWD_1_trade_offs_0.001,0.7394957983193278,0.7061068702290076,0.8545034642032333,0.7732497387669801
