exp,accuracy,precision,recall,f1
Damage_N2M_SWD_1_trade_offs_1,0.8138138138138138,0.8636363636363636,0.8300970873786407,0.8465346534653465
