exp,accuracy,precision,recall,f1
Damage_M2R_SWD_0_trade_offs_1,0.7226890756302521,0.6996047430830039,0.8175519630484989,0.7539936102236422
