exp,accuracy,precision,recall,f1
Damage_M2N_SWD_0.01_trade_offs_1,0.8060615577889447,0.816933638443936,0.8618562231759657,0.8387938911369273
