exp,accuracy,precision,recall,f1
Damage_E2N_SWD_0.001_trade_offs_1,0.8607097989949749,0.9102724559545586,0.8454041487839771,0.8766399332437068
