exp,accuracy,precision,recall,f1
Damage_M2N_SWD_1_trade_offs_1,0.7882642378559463,0.8007414272474513,0.8497854077253219,0.8245347677091918
