exp,accuracy,precision,recall,f1
Damage_M2N_SWD_0_trade_offs_1,0.7962206867671692,0.8021549937836718,0.865343347639485,0.8325519377177513
