exp,accuracy,precision,recall,f1
Damage_R2E_SWD_1_trade_offs_0.1,0.8758700696055685,0.8717683557394003,0.9035369774919614,0.8873684210526317
