exp,accuracy,precision,recall,f1
Damage_N2R_SWD_1_trade_offs_0.1,0.8103241296518607,0.7701375245579568,0.9053117782909931,0.8322717622080679
