exp,accuracy,precision,recall,f1
Damage_R2N_SWD_0_trade_offs_1,0.805642797319933,0.875238573581115,0.7790593705293276,0.8243530914423577
