exp,accuracy,precision,recall,f1
Damage_E2N_SWD_1_trade_offs_1,0.8495079564489112,0.8917491749174917,0.8455829756795422,0.8680526871357108
