exp,accuracy,precision,recall,f1
Damage_N2R_SWD_0.1_trade_offs_1,0.801920768307323,0.7745901639344263,0.8729792147806005,0.8208469055374593
