exp,accuracy,precision,recall,f1
Damage_R2N_SWD_0.001_trade_offs_1,0.8004606365159129,0.8687474989995998,0.7764663805436338,0.8200188857412654
