exp,accuracy,precision,recall,f1
Damage_E2R_SWD_0_trade_offs_1,0.7899159663865546,0.8028169014084507,0.789838337182448,0.7962747380675204
