exp,accuracy,precision,recall,f1
Damage_N2E_SWD_0.001_trade_offs_1,0.9008120649651972,0.8864097363083164,0.9367631296891747,0.910891089108911
