exp,accuracy,precision,recall,f1
Damage_E2R_SWD_1_trade_offs_0.01,0.7551020408163265,0.7341513292433538,0.8290993071593533,0.7787418655097614
