exp,accuracy,precision,recall,f1
Damage_N2E_SWD_0_trade_offs_1,0.8996519721577726,0.9194260485651214,0.8928188638799571,0.9059271343121261
