exp,accuracy,precision,recall,f1
Damage_R2E_SWD_1_trade_offs_1,0.8683294663573086,0.8763326226012793,0.8810289389067524,0.8786745056119722
