exp,accuracy,precision,recall,f1
Damage_M2E_SWD_1_trade_offs_0.01,0.8022041763341067,0.7605633802816901,0.9260450160771704,0.835186080231996
