exp,accuracy,precision,recall,f1
Damage_R2M_SWD_0.001_trade_offs_1,0.7327327327327328,0.819672131147541,0.7281553398058253,0.7712082262210797
