exp,accuracy,precision,recall,f1
Damage_R2N_SWD_0.01_trade_offs_1,0.8029208542713567,0.8776341239947063,0.7708333333333334,0.8207740277050508
