exp,accuracy,precision,recall,f1
Damage_E2M_SWD_0_trade_offs_1,0.7627627627627628,0.8290155440414507,0.7766990291262136,0.8020050125313284
