exp,accuracy,precision,recall,f1
Damage_N2M_SWD_1_trade_offs_0.1,0.7987987987987988,0.845771144278607,0.8252427184466019,0.8353808353808354
