exp,accuracy,precision,recall,f1
Damage_M2N_SWD_0_trade_offs_1,0.7880548576214406,0.8018444876893138,0.8473712446351931,0.823979480937269
