exp,accuracy,precision,recall,f1
Damage_E2R_SWD_0_trade_offs_1,0.7863145258103241,0.7802197802197802,0.8198614318706697,0.7995495495495496
