exp,accuracy,precision,recall,f1
Damage_R2M_SWD_1_trade_offs_0.001,0.7237237237237237,0.8433734939759037,0.6796116504854369,0.7526881720430108
