exp,accuracy,precision,recall,f1
Damage_M2E_SWD_1_trade_offs_0.1,0.7923433874709976,0.7597109304426377,0.9013933547695605,0.8245098039215686
