exp,accuracy,precision,recall,f1
Damage_N2E_SWD_1_trade_offs_1,0.8839907192575406,0.8596663395485771,0.9389067524115756,0.8975409836065574
