exp,accuracy,precision,recall,f1
Damage_E2N_SWD_0.001_trade_offs_1,0.8554229480737019,0.9045926210607225,0.8418276108726752,0.87208225268618
