exp,accuracy,precision,recall,f1
Damage_R2N_SWD_1_trade_offs_0.001,0.8203517587939698,0.8465665236051502,0.8465665236051502,0.8465665236051502
