exp,accuracy,precision,recall,f1
Damage_M2N_SWD_0.01_trade_offs_1,0.8009840871021775,0.8085088599130725,0.8648962804005722,0.8357525488163124
