exp,accuracy,precision,recall,f1
Damage_R2E_SWD_0_trade_offs_1,0.861368909512761,0.88470066518847,0.8553054662379421,0.8697547683923705
