exp,accuracy,precision,recall,f1
Damage_E2M_SWD_1_trade_offs_1,0.7387387387387387,0.8115183246073299,0.7524271844660194,0.7808564231738037
