exp,accuracy,precision,recall,f1
Damage_M2R_SWD_0.1_trade_offs_1,0.709483793517407,0.68762278978389,0.8083140877598153,0.7430997876857751
