exp,accuracy,precision,recall,f1
Damage_E2N_SWD_0.01_trade_offs_1,0.8518634840871022,0.9014030367095907,0.8386981402002861,0.8689207966651229
