exp,accuracy,precision,recall,f1
Damage_E2N_SWD_1_trade_offs_0.01,0.8546377721943048,0.9012887828162292,0.8441523605150214,0.8717854009880419
