exp,accuracy,precision,recall,f1
Damage_M2R_SWD_0.01_trade_offs_1,0.7022809123649459,0.6824457593688363,0.7990762124711316,0.7361702127659574
