exp,accuracy,precision,recall,f1
Damage_E2N_SWD_0_trade_offs_1,0.855998743718593,0.8880095702585811,0.8628397711015737,0.8752437531177724
