exp,accuracy,precision,recall,f1
Damage_E2M_SWD_0_trade_offs_1,0.7687687687687688,0.8412698412698413,0.7718446601941747,0.8050632911392405
