exp,accuracy,precision,recall,f1
Damage_N2E_SWD_0_trade_offs_1,0.9025522041763341,0.8836509528585758,0.9442658092175777,0.9129533678756477
