exp,accuracy,precision,recall,f1
Damage_R2M_SWD_0.001_trade_offs_1,0.7507507507507507,0.847457627118644,0.7281553398058253,0.783289817232376
