exp,accuracy,precision,recall,f1
Damage_N2R_SWD_0_trade_offs_1,0.8283313325330132,0.8046218487394958,0.8845265588914549,0.8426842684268427
