exp,accuracy,precision,recall,f1
Damage_M2E_SWD_0.1_trade_offs_1,0.8172853828306265,0.7861111111111111,0.909967845659164,0.8435171385991059
