exp,accuracy,precision,recall,f1
Damage_M2E_SWD_0.01_trade_offs_1,0.8120649651972158,0.7816836262719704,0.9056806002143623,0.8391261171797418
