exp,accuracy,precision,recall,f1
Damage_R2M_SWD_1_trade_offs_0.01,0.7477477477477478,0.8674698795180723,0.6990291262135923,0.7741935483870969
