exp,accuracy,precision,recall,f1
Damage_M2N_SWD_1_trade_offs_1,0.8103015075376885,0.8125516785182735,0.8786659513590844,0.8443165220379758
