exp,accuracy,precision,recall,f1
Damage_M2N_SWD_0.001_trade_offs_1,0.7966394472361809,0.8086257928118393,0.8549713876967096,0.8311530270763614
