exp,accuracy,precision,recall,f1
Damage_N2E_SWD_0_trade_offs_1,0.8961716937354989,0.9036402569593148,0.9046087888531619,0.9041242635243707
