exp,accuracy,precision,recall,f1
Damage_R2M_SWD_1_trade_offs_1,0.7597597597597597,0.875,0.7135922330097088,0.786096256684492
