exp,accuracy,precision,recall,f1
Damage_N2M_SWD_1_trade_offs_0.01,0.8378378378378378,0.88,0.8543689320388349,0.8669950738916256
