exp,accuracy,precision,recall,f1
Damage_R2M_SWD_1_trade_offs_0.001,0.7417417417417418,0.8529411764705882,0.7038834951456311,0.7712765957446809
