exp,accuracy,precision,recall,f1
Damage_N2E_SWD_1_trade_offs_0.1,0.8735498839907193,0.8440808469682387,0.939978563772776,0.8894523326572009
