exp,accuracy,precision,recall,f1
Damage_N2R_SWD_0.1_trade_offs_1,0.8115246098439376,0.7827868852459017,0.8822170900692841,0.8295331161780674
