exp,accuracy,precision,recall,f1
Damage_N2R_SWD_1_trade_offs_0.01,0.8067226890756303,0.765625,0.9053117782909931,0.8296296296296296
