exp,accuracy,precision,recall,f1
Damage_E2M_SWD_0.001_trade_offs_1,0.7597597597597597,0.8579545454545454,0.7330097087378641,0.7905759162303666
