exp,accuracy,precision,recall,f1
Damage_R2E_SWD_0.001_trade_offs_1,0.87122969837587,0.8980963045912654,0.8595927116827439,0.8784227820372399
