exp,accuracy,precision,recall,f1
Damage_R2M_SWD_0_trade_offs_1,0.7687687687687688,0.8208955223880597,0.8009708737864077,0.8108108108108109
