exp,accuracy,precision,recall,f1
Damage_M2R_SWD_1_trade_offs_0.01,0.7034813925570228,0.6795366795366795,0.812933025404157,0.7402733964248158
