exp,accuracy,precision,recall,f1
Damage_E2M_SWD_0_trade_offs_1,0.7477477477477478,0.8546511627906976,0.7135922330097088,0.7777777777777777
