exp,accuracy,precision,recall,f1
Damage_M2E_SWD_0.1_trade_offs_1,0.8103248259860789,0.7837078651685393,0.8971061093247589,0.8365817091454273
