exp,accuracy,precision,recall,f1
Damage_R2E_SWD_0.1_trade_offs_1,0.8781902552204176,0.8976897689768977,0.8745980707395499,0.8859934853420196
