exp,accuracy,precision,recall,f1
Damage_R2E_SWD_0_trade_offs_1,0.8776102088167054,0.8865096359743041,0.887459807073955,0.8869844670594537
