exp,accuracy,precision,recall,f1
Damage_N2R_SWD_1_trade_offs_1,0.8055222088835534,0.7631067961165049,0.9076212471131639,0.829113924050633
