exp,accuracy,precision,recall,f1
Damage_N2M_SWD_0.01_trade_offs_1,0.8198198198198198,0.8842105263157894,0.8155339805825242,0.8484848484848484
