exp,accuracy,precision,recall,f1
Damage_N2E_SWD_0.1_trade_offs_1,0.8973317865429234,0.894572025052192,0.9185423365487674,0.9063987308302484
