exp,accuracy,precision,recall,f1
Damage_R2E_SWD_0.01_trade_offs_1,0.8752900232018561,0.893640350877193,0.8735262593783494,0.8834688346883469
