exp,accuracy,precision,recall,f1
Damage_M2R_SWD_0_trade_offs_1,0.7466986794717887,0.7151162790697675,0.8521939953810623,0.7776606954689147
