exp,accuracy,precision,recall,f1
Damage_E2R_SWD_0_trade_offs_1,0.8103241296518607,0.7982646420824295,0.8498845265588915,0.8232662192393736
