exp,accuracy,precision,recall,f1
Damage_R2E_SWD_1_trade_offs_0.001,0.8816705336426914,0.8857142857142857,0.8971061093247589,0.8913738019169328
