exp,accuracy,precision,recall,f1
Damage_M2R_SWD_0_trade_offs_1,0.7106842737094838,0.6912350597609562,0.8013856812933026,0.7422459893048129
