exp,accuracy,precision,recall,f1
Damage_N2E_SWD_1_trade_offs_1,0.8863109048723898,0.8810754912099276,0.9131832797427653,0.8968421052631578
