exp,accuracy,precision,recall,f1
Damage_M2R_SWD_1_trade_offs_0.001,0.6794717887154862,0.6548507462686567,0.8106235565819861,0.7244582043343654
