exp,accuracy,precision,recall,f1
Damage_M2R_SWD_1_trade_offs_0.1,0.7190876350540216,0.687382297551789,0.8429561200923787,0.7572614107883818
