exp,accuracy,precision,recall,f1
Damage_N2E_SWD_0_trade_offs_1,0.8938515081206496,0.9148230088495575,0.8863879957127545,0.9003810560696787
