exp,accuracy,precision,recall,f1
Damage_M2N_SWD_1_trade_offs_1,0.8037583752093802,0.8096626405664307,0.869098712446352,0.8383285178317306
