exp,accuracy,precision,recall,f1
Damage_R2M_SWD_0_trade_offs_1,0.7567567567567568,0.8378378378378378,0.7524271844660194,0.7928388746803069
