exp,accuracy,precision,recall,f1
Damage_E2R_SWD_0_trade_offs_1,0.7863145258103241,0.7944572748267898,0.7944572748267898,0.79445727482679
