exp,accuracy,precision,recall,f1
Damage_N2R_SWD_1_trade_offs_1,0.8211284513805522,0.785140562248996,0.9030023094688222,0.8399570354457573
