exp,accuracy,precision,recall,f1
Damage_R2E_SWD_1_trade_offs_0.01,0.8700696055684455,0.8767268862911796,0.8842443729903537,0.8804695837780151
