exp,accuracy,precision,recall,f1
Damage_E2N_SWD_1_trade_offs_0.001,0.8447445561139029,0.8963920509357515,0.830829756795422,0.8623665893271462
