exp,accuracy,precision,recall,f1
Damage_R2E_SWD_0.001_trade_offs_1,0.8822505800464037,0.9019823788546255,0.8778135048231511,0.8897338403041823
