exp,accuracy,precision,recall,f1
Damage_M2R_SWD_0_trade_offs_1,0.7022809123649459,0.6782273603082851,0.812933025404157,0.7394957983193277
