exp,accuracy,precision,recall,f1
Damage_E2R_SWD_1_trade_offs_0.1,0.7671068427370948,0.7375745526838966,0.8568129330254042,0.7927350427350427
