exp,accuracy,precision,recall,f1
Damage_E2N_SWD_1_trade_offs_0.01,0.8470477386934674,0.9097401309264035,0.8201001430615165,0.8625975735916486
