exp,accuracy,precision,recall,f1
Damage_N2E_SWD_0.01_trade_offs_1,0.9037122969837587,0.881592039800995,0.9496248660235799,0.914344685242518
