exp,accuracy,precision,recall,f1
Damage_E2R_SWD_1_trade_offs_1,0.7899159663865546,0.7816593886462883,0.8267898383371824,0.803591470258137
