exp,accuracy,precision,recall,f1
Damage_N2E_SWD_1_trade_offs_0.001,0.8752900232018561,0.8386792452830188,0.9528403001071811,0.8921224284997491
