exp,accuracy,precision,recall,f1
Damage_R2M_SWD_0_trade_offs_1,0.7447447447447447,0.8379888268156425,0.7281553398058253,0.7792207792207791
