exp,accuracy,precision,recall,f1
Damage_N2E_SWD_0.1_trade_offs_1,0.8967517401392111,0.8911917098445595,0.9217577706323687,0.9062170706006323
