exp,accuracy,precision,recall,f1
Damage_N2R_SWD_0.01_trade_offs_1,0.8199279711884754,0.810989010989011,0.8521939953810623,0.831081081081081
