exp,accuracy,precision,recall,f1
Damage_R2E_SWD_0_trade_offs_1,0.8839907192575406,0.8970747562296858,0.887459807073955,0.8922413793103449
