exp,accuracy,precision,recall,f1
Damage_M2N_SWD_0_trade_offs_1,0.7999895309882747,0.8008990600735595,0.8761623748211731,0.8368418805243606
