exp,accuracy,precision,recall,f1
Damage_M2R_SWD_1_trade_offs_0.001,0.751500600240096,0.7173076923076923,0.8614318706697459,0.782791185729276
