exp,accuracy,precision,recall,f1
Damage_R2N_SWD_1_trade_offs_1,0.8182056113902848,0.8944245524296676,0.781741773962804,0.8342955293668591
