exp,accuracy,precision,recall,f1
Damage_E2R_SWD_1_trade_offs_1,0.8067226890756303,0.7833333333333333,0.8683602771362586,0.8236582694414019
