exp,accuracy,precision,recall,f1
Damage_E2M_SWD_0_trade_offs_1,0.7417417417417418,0.8658536585365854,0.6893203883495146,0.7675675675675676
