exp,accuracy,precision,recall,f1
Damage_R2E_SWD_0.1_trade_offs_1,0.87877030162413,0.9049217002237137,0.8670953912111469,0.8856048166392994
