exp,accuracy,precision,recall,f1
Damage_N2R_SWD_1_trade_offs_0.001,0.8067226890756303,0.7635658914728682,0.9099307159353349,0.8303477344573235
