exp,accuracy,precision,recall,f1
Damage_E2R_SWD_1_trade_offs_0.01,0.7887154861944778,0.7763440860215054,0.8337182448036952,0.8040089086859687
