exp,accuracy,precision,recall,f1
Damage_N2R_SWD_0_trade_offs_1,0.8331332533013205,0.8114406779661016,0.8845265588914549,0.8464088397790054
