exp,accuracy,precision,recall,f1
Damage_E2R_SWD_0_trade_offs_1,0.7719087635054022,0.7718120805369127,0.7967667436489607,0.7840909090909092
