exp,accuracy,precision,recall,f1
Damage_N2E_SWD_0_trade_offs_1,0.8967517401392111,0.9152915291529153,0.8917470525187567,0.9033659066232357
