exp,accuracy,precision,recall,f1
Damage_R2N_SWD_0.01_trade_offs_1,0.8003559463986599,0.8967484926787253,0.7447246065808297,0.8136967565455255
