exp,accuracy,precision,recall,f1
Damage_N2R_SWD_0.01_trade_offs_1,0.8067226890756303,0.7995594713656388,0.8383371824480369,0.8184892897406989
