exp,accuracy,precision,recall,f1
Damage_R2E_SWD_0.01_trade_offs_1,0.8636890951276102,0.8895089285714286,0.8542336548767417,0.8715144887916895
