exp,accuracy,precision,recall,f1
Damage_N2R_SWD_0_trade_offs_1,0.7827130852340937,0.7985781990521327,0.7782909930715936,0.7883040935672515
