exp,accuracy,precision,recall,f1
Damage_N2M_SWD_0.001_trade_offs_1,0.8288288288288288,0.882051282051282,0.8349514563106796,0.85785536159601
