exp,accuracy,precision,recall,f1
Damage_R2E_SWD_1_trade_offs_0.1,0.8723897911832946,0.8921892189218922,0.8692390139335477,0.8805646036916396
