exp,accuracy,precision,recall,f1
Damage_N2R_SWD_0_trade_offs_1,0.8235294117647058,0.8042553191489362,0.8729792147806005,0.8372093023255813
