exp,accuracy,precision,recall,f1
Damage_M2E_SWD_1_trade_offs_1,0.8091647331786543,0.7682060390763765,0.9271168274383709,0.8402136959689169
