exp,accuracy,precision,recall,f1
Damage_N2R_SWD_0_trade_offs_1,0.82953181272509,0.8024948024948025,0.8914549653579676,0.8446389496717724
