exp,accuracy,precision,recall,f1
Damage_E2N_SWD_0_trade_offs_1,0.8154836683417085,0.8618539166587924,0.8155400572246065,0.8380576101437957
